DriverName,Laps,S1,S2,S3,Lap Time,Predicted Lap Time,Lap Delta,Pit Stop,AnomalyFlag
Will Robusto,1,64.887,38.802,32.702,136.391,137.66683973914783,,True,False
Will Robusto,2,35.453,35.221,32.244,102.918,102.50604546612736,-33.472999999999985,True,False
Will Robusto,3,35.298,35.843,32.095,103.23599999999999,103.11962362594696,0.31799999999998363,True,False
Will Robusto,4,34.732,34.621,31.918,101.271,101.35876288516765,-1.9649999999999892,True,False
Will Robusto,5,34.913,35.315,31.815,102.043,102.27780435419201,0.7720000000000056,True,False
Will Robusto,6,35.798,34.743,31.814,102.35499999999999,101.60400333731265,0.3119999999999834,True,False
Will Robusto,7,34.734,34.65,31.975,101.35900000000001,101.37018201095383,-0.9959999999999809,True,False
Will Robusto,8,34.502,34.813,31.705,101.02000000000001,101.51960826756105,-0.33899999999999864,True,False
Will Robusto,9,34.518,34.781,31.894,101.193,101.504960466279,0.1729999999999876,True,False
Will Robusto,10,34.745,34.459,31.843,101.047,101.31353320242886,-0.1460000000000008,True,False
Will Robusto,11,35.031,34.57,31.864,101.465,101.38016944357676,0.41800000000000637,True,False
Will Robusto,12,34.609,34.959,31.982,101.55,101.67436237840982,0.08499999999999375,True,False
Will Robusto,13,34.484,34.538,31.828,100.85,101.32069340495522,-0.7000000000000028,True,False
Will Robusto,14,34.522,34.527,31.658,100.707,101.32069340495522,-0.14300000000000068,True,False
Will Robusto,15,34.649,34.553,31.973,101.175,101.3307781363873,0.4680000000000035,True,False
Will Robusto,16,34.555,35.693,31.747,101.995,102.91145845819239,0.8200000000000074,True,False
Will Robusto,17,34.877,34.558,31.598,101.033,101.33365291754819,-0.9620000000000033,True,False
Will Robusto,18,34.458,34.43,31.739,100.62700000000001,101.31353320242886,-0.4059999999999917,True,False
Jason Kos,1,66.118,41.748,36.339,144.20499999999998,146.1992464018852,,True,False
Jason Kos,2,35.681,35.459,32.451,103.59100000000001,103.09634224101507,-40.613999999999976,True,False
Jason Kos,3,36.53,35.684,32.541,104.755,104.15306432401893,1.1639999999999873,True,False
Jason Kos,4,34.994,35.351,32.38,102.725,102.58932589410362,-2.030000000000001,True,False
Jason Kos,5,34.924,35.066,32.288,102.27799999999999,102.1651573628989,-0.44700000000000273,True,False
Jason Kos,6,34.819,34.949,32.323,102.09100000000001,101.72809499589921,-0.1869999999999834,True,False
Jason Kos,7,35.16,35.195,32.332,102.687,102.43573048436043,0.5959999999999894,True,False
Jason Kos,8,35.09,35.443,32.451,102.98400000000001,102.98874416130526,0.29700000000001125,True,False
Jason Kos,9,35.067,35.149,32.328,102.544,102.36199697647096,-0.44000000000001194,True,False
Jason Kos,10,35.072,35.682,33.355,104.10900000000001,103.62532041184816,1.565000000000012,True,False
Jason Kos,11,35.164,35.527,32.299,102.99000000000001,102.82673162652705,-1.1189999999999998,True,False
Jason Kos,12,35.158,35.137,32.289,102.584,102.34978700740133,-0.4060000000000059,True,False
Jason Kos,13,35.861,35.924,32.289,104.074,103.90305400810648,1.4899999999999949,True,False
Jason Kos,14,34.995,35.157,32.294,102.446,102.34048427611164,-1.6280000000000001,True,False
Jason Kos,15,35.521,35.612,32.995,104.128,103.47881615352246,1.6820000000000022,True,False
Jason Kos,16,35.249,35.353,32.406,103.00800000000001,102.67592087038832,-1.1199999999999903,True,False
Jason Kos,17,35.251,35.528,32.51,103.289,103.10100187872267,0.2809999999999917,True,False
Gresham Wagner,1,35.163,36.308,36.429,107.9,115.9282417633093,,True,False
Gresham Wagner,2,34.838,34.572,31.959,101.369,101.3530834507044,-6.531000000000006,True,False
Gresham Wagner,3,34.488,34.314,31.763,100.565,101.31353320242886,-0.804000000000002,True,False
Gresham Wagner,4,34.391,35.08,31.804,101.275,102.05543247691321,0.710000000000008,True,False
Gresham Wagner,5,34.655,34.295,38.284,107.23400000000001,121.71236407314329,5.959000000000003,True,False
Gresham Wagner,6,34.455,34.338,31.754,100.547,101.31353320242886,-6.687000000000012,True,False
Gresham Wagner,7,34.286,34.527,55.768,124.581,126.5076386698798,24.034000000000006,True,False
Gresham Wagner,8,179.423,38.54,34.997,252.96,189.32117146304216,128.37900000000002,True,True
Gresham Wagner,9,34.539,34.445,31.947,100.931,101.32361793386093,-152.029,True,False
Gresham Wagner,10,34.494,35.519,32.011,102.024,102.66654370794971,1.0930000000000035,True,False
Gresham Wagner,11,34.708,34.576,31.75,101.03399999999999,101.33003920667936,-0.9900000000000091,True,False
Gresham Wagner,12,34.63,34.396,31.612,100.638,101.31353320242886,-0.3959999999999866,True,False
Gresham Wagner,13,34.505,34.534,55.565,124.604,126.18328144765755,23.965999999999994,True,False
Maddie Aust,1,35.963,36.316,32.712,104.991,104.92025468670468,,True,False
Maddie Aust,2,35.522,35.665,32.515,103.702,103.32830279676388,-1.2890000000000015,True,False
Maddie Aust,3,35.241,35.295,32.199,102.735,102.46352966234292,-0.9669999999999987,True,False
Maddie Aust,4,35.413,35.065,32.483,102.961,102.52082938976727,0.2259999999999991,True,False
Maddie Aust,5,35.61,35.621,32.912,104.143,103.39369739846207,1.1820000000000022,True,False
Maddie Aust,6,35.778,35.425,32.822,104.025,103.12260720461565,-0.117999999999995,True,False
Maddie Aust,7,35.443,35.622,58.11,129.175,168.5050154867814,25.150000000000006,True,False
Maddie Aust,8,395.338,36.126,32.861,464.325,189.5510719047573,335.15,True,True
Maddie Aust,9,35.733,36.043,32.464,104.24000000000001,104.03876172262353,-360.085,True,False
Maddie Aust,10,35.446,36.26,32.724,104.43,104.21168127529661,0.18999999999999773,True,False
Maddie Aust,11,35.554,35.578,32.431,103.563,103.19373838077063,-0.8670000000000044,True,False
Maddie Aust,12,35.14,35.629,32.408,103.17699999999999,102.99015776682266,-0.3860000000000099,True,False
Maddie Aust,13,35.169,35.847,32.666,103.682,103.3749876191305,0.5050000000000097,True,False
Jack Woodfin,1,68.425,41.652,36.549,146.626,187.021804427025,,True,False
Jack Woodfin,2,37.136,37.472,33.556,108.164,107.97397286624835,-38.462,True,False
Jack Woodfin,3,36.672,36.206,33.036,105.914,105.22409315335977,-2.25,True,False
Jack Woodfin,4,36.455,36.377,33.085,105.917,105.81949305812546,0.0030000000000001137,True,False
Jack Woodfin,5,36.388,36.859,34.699,107.946,110.55916491675231,2.0289999999999964,True,False
Jack Woodfin,6,35.955,36.588,32.73,105.273,105.2962002534183,-2.673000000000002,True,False
Jack Woodfin,7,36.094,36.318,32.757,105.169,105.09575121116515,-0.1039999999999992,True,False
Jack Woodfin,8,35.526,36.265,33.065,104.856,104.36161590293027,-0.3130000000000024,True,False
Jack Woodfin,9,36.129,36.968,33.096,106.193,106.27363563010215,1.3370000000000033,True,False
Jack Woodfin,10,36.087,36.665,32.722,105.47399999999999,105.60599495247685,-0.7190000000000083,True,False
Jack Woodfin,11,36.596,36.023,191.563,264.182,168.5050154867814,158.70800000000003,True,True
Jack Woodfin,12,64.732,46.32,33.557,144.609,139.16843129077665,-119.57300000000001,True,False
Jack Woodfin,13,36.547,35.948,32.805,105.3,104.86272801621007,-39.30900000000001,True,False
Jack Woodfin,14,35.95,36.876,32.507,105.333,105.57452072151676,0.03300000000000125,True,False
Jack Woodfin,15,36.251,49.797,34.422,120.47,113.32961564794245,15.137,True,False
Westin Workman,1,34.986,34.966,32.009,101.961,101.77485846231204,,True,False
Westin Workman,2,34.421,34.638,32.262,101.321,101.45677374654424,-0.6400000000000006,True,False
Westin Workman,3,34.55,35.121,31.629,101.3,102.15897908777887,-0.021000000000000796,True,False
Westin Workman,4,34.548,34.469,31.643,100.66,101.31353320242886,-0.6400000000000006,True,False
Westin Workman,5,34.467,34.576,32.081,101.124,101.35445514330324,0.46399999999999864,True,False
Westin Workman,6,34.617,34.469,31.629,100.715,101.31353320242886,-0.4089999999999918,True,False
Westin Workman,7,34.217,34.447,31.697,100.36099999999999,101.31353320242886,-0.3540000000000134,True,False
Westin Workman,8,34.371,39.182,31.772,105.325,107.12186023501941,4.964000000000013,True,False
Westin Workman,9,34.46,34.356,31.607,100.423,101.31353320242886,-4.902000000000001,True,False
Westin Workman,10,34.56,35.865,32.635,103.06,103.66973989260003,2.6370000000000005,True,False
Westin Workman,11,34.261,34.266,31.666,100.193,101.31353320242886,-2.8670000000000044,True,False
Westin Workman,12,34.262,34.792,32.652,101.706,101.87822711558596,1.5130000000000052,True,False
Westin Workman,13,34.591,34.609,31.935,101.13499999999999,101.34012393811143,-0.5710000000000122,True,False
Westin Workman,14,34.243,34.419,31.485,100.14699999999999,101.31353320242886,-0.9879999999999995,True,False
Westin Workman,15,34.224,34.591,32.597,101.412,101.64679547909144,1.2650000000000148,True,False
Westin Workman,16,36.481,37.565,59.064,133.11,168.5050154867814,31.698000000000008,True,False
Alex Garcia,1,64.862,36.612,32.846,134.32,136.5598200495864,,True,False
Alex Garcia,2,35.68,35.56,32.084,103.324,102.92678859114851,-30.995999999999995,True,False
Alex Garcia,3,35.11,34.697,31.919,101.726,101.44194179245348,-1.597999999999999,True,False
Alex Garcia,4,34.954,34.863,31.718,101.535,101.54389799956996,-0.1910000000000025,True,False
Alex Garcia,5,34.651,34.781,32.394,101.826,101.61305605908765,0.2909999999999968,True,False
Alex Garcia,6,35.162,34.968,32.488,102.618,102.18474958115524,0.7920000000000016,True,False
Alex Garcia,7,34.611,34.796,32.086,101.493,101.54402420418494,-1.125,True,False
Alex Garcia,8,34.677,34.612,183.021,252.31,168.2344720733198,150.817,True,True
Alex Garcia,9,60.599,35.021,32.655,128.275,126.40991207305082,-124.035,True,False
Alex Garcia,10,34.875,35.105,32.224,102.20400000000001,102.17796534835344,-26.070999999999998,True,False
Alex Garcia,11,34.731,34.94,32.019,101.69,101.62845484134562,-0.51400000000001,True,False
Alex Garcia,12,34.723,34.872,32.01,101.60499999999999,101.54102321840907,-0.08500000000000796,True,False
Alex Garcia,13,34.934,34.813,31.943,101.69,101.5426525115861,0.08500000000000796,True,False
Jordan RickSegrini,1,34.94,35.321,31.942,102.203,102.28788908562409,,True,False
Jordan RickSegrini,2,34.576,34.956,31.828,101.36,101.61837010991354,-0.8430000000000035,True,False
Jordan RickSegrini,3,34.83,35.006,31.744,101.58,101.89788534941539,0.21999999999999886,True,False
Jordan RickSegrini,4,34.69,34.617,31.984,101.291,101.35876288516765,-0.2890000000000015,True,False
Jordan RickSegrini,5,34.753,34.685,31.924,101.362,101.38095753932956,0.07099999999999795,True,False
Jordan RickSegrini,6,34.856,34.588,31.823,101.267,101.34299871927233,-0.09499999999999886,True,False
Jordan RickSegrini,7,34.945,35.34,32.154,102.439,102.55616923548104,1.171999999999997,True,False
Jordan RickSegrini,8,34.524,34.827,34.885,104.23599999999999,108.66523627551749,1.796999999999997,True,False
Jordan RickSegrini,9,34.515,34.696,31.945,101.156,101.392550485264,-3.079999999999984,True,False
Jordan RickSegrini,10,34.639,34.833,56.124,125.596,134.4776233612031,24.439999999999998,True,False
Jordan RickSegrini,11,199.159,35.619,32.037,266.815,189.5510719047573,141.219,True,True
Jordan RickSegrini,12,34.649,34.645,31.642,100.936,101.36009727952177,-165.879,True,False
Jordan RickSegrini,13,34.553,34.641,32.024,101.218,101.35876288516765,0.2819999999999965,True,False
Jordan RickSegrini,14,34.701,34.861,31.883,101.445,101.53093848697699,0.22699999999998965,True,False
Jordan RickSegrini,15,35.385,35.149,32.147,102.681,102.4153559387351,1.2360000000000042,True,False
Ramon Llano,1,65.777,44.956,37.169,147.902,143.95630570243893,,True,False
Ramon Llano,2,39.277,39.011,34.398,112.686,114.26451286060352,-35.21599999999998,True,False
Ramon Llano,3,37.782,37.478,33.611,108.87100000000001,108.76288065715408,-3.8149999999999977,True,False
Ramon Llano,4,37.3,37.475,33.625,108.4,108.42050192752644,-0.47100000000000364,True,False
Ramon Llano,5,37.225,38.575,33.724,109.524,108.6850052796315,1.1239999999999952,True,False
Ramon Llano,6,37.892,37.154,34.09,109.136,109.14547630257726,-0.38800000000000523,True,False
Ramon Llano,7,37.729,39.484,34.346,111.559,113.14966472687566,2.423000000000002,True,False
Ramon Llano,8,37.939,37.342,34.318,109.59899999999999,110.50436948289722,-1.960000000000008,True,False
Ramon Llano,9,37.836,37.117,33.796,108.749,108.831857205783,-0.8499999999999943,True,False
Ramon Llano,10,38.091,37.784,33.508,109.38300000000001,109.73668773701515,0.6340000000000146,True,False
Ramon Llano,11,42.65,37.432,34.687,114.769,112.26736814563563,5.385999999999996,True,False
Ramon Llano,12,37.371,37.31,34.294,108.975,109.18938946064465,-5.794000000000011,True,False
Ramon Llano,13,36.749,37.471,34.442,108.662,110.65038452141275,-0.3129999999999882,True,False
Ramon Llano,14,36.095,37.691,34.164,107.95,106.93005615870483,-0.7120000000000033,True,False
Ramon Llano,15,36.392,37.019,33.374,106.785,106.6185967816115,-1.1650000000000063,True,False
Ramon Llano,16,36.991,38.687,34.076,109.75399999999999,108.97938340790738,2.968999999999994,True,False
Ford Koch,1,67.37,41.289,33.47,142.129,175.65492137702438,,True,False
Ford Koch,2,35.33,35.221,32.104,102.655,102.45180634868167,-39.47399999999999,True,False
Ford Koch,3,34.954,34.764,31.865,101.583,101.49014943143972,-1.0720000000000027,True,False
Ford Koch,4,34.53,34.889,31.797,101.21600000000001,101.53093848697699,-0.3669999999999902,True,False
Ford Koch,5,34.688,34.771,32.178,101.637,101.59481849470225,0.42099999999999227,True,False
Ford Koch,6,34.514,38.261,35.029,107.804,111.17845068283494,6.167000000000002,True,False
Ford Koch,7,34.626,34.83,32.011,101.467,101.52969299899313,-6.337000000000003,True,False
Ford Koch,8,34.54,34.73,31.868,101.138,101.39540976198064,-0.3289999999999935,True,False
Ford Koch,9,34.526,34.75,32.039,101.315,101.44573294793314,0.1769999999999925,True,False
Ford Koch,10,34.805,34.778,31.95,101.533,101.52800471030405,0.21800000000000352,True,False
Ford Koch,11,34.773,37.379,35.168,107.32,112.21041404058893,5.786999999999992,True,False
Ford Koch,12,34.895,34.876,31.921,101.69200000000001,101.55398273100204,-5.627999999999986,True,False
Ford Koch,13,34.73,35.305,32.145,102.18,102.29481696178237,0.48799999999999955,True,False
Ford Koch,14,34.53,34.724,32.243,101.497,101.50350535478928,-0.6830000000000069,True,False
Ford Koch,15,34.56,34.823,31.827,101.21000000000001,101.51960826756105,-0.28699999999999193,True,False
Ford Koch,16,34.724,34.814,31.908,101.446,101.52969299899313,0.23599999999999,True,False
Devin Anderson,1,35.486,35.948,33.263,104.697,104.35074816144406,,True,False
Devin Anderson,2,35.595,35.233,31.954,102.782,102.44625016512222,-1.9150000000000063,True,False
Devin Anderson,3,35.276,35.327,32.012,102.61500000000001,102.55442155189512,-0.16699999999998738,True,False
Devin Anderson,4,34.893,35.618,32.071,102.582,102.84231636808632,-0.03300000000001546,True,False
Devin Anderson,5,34.734,34.763,32.151,101.648,101.50375986707905,-0.9339999999999975,True,False
Devin Anderson,6,34.642,34.673,58.495,127.81,168.2344720733198,26.162000000000006,True,False
Devin Anderson,7,183.193,34.934,32.196,250.323,189.5510719047573,122.513,True,True
Devin Anderson,8,34.746,34.795,31.987,101.52799999999999,101.52969299899313,-148.79500000000002,True,False
Devin Anderson,9,35.381,34.864,32.287,102.532,101.77164304455738,1.0040000000000049,True,False
Devin Anderson,10,34.771,34.881,32.012,101.664,101.55398273100204,-0.867999999999995,True,False
Devin Anderson,11,35.427,36.326,31.937,103.69,104.43581623471435,2.0259999999999962,True,False
Devin Anderson,12,34.875,34.786,32.294,101.955,101.64066337296268,-1.7349999999999994,True,False
Devin Anderson,13,34.68,36.107,31.895,102.682,103.60830312345266,0.7270000000000039,True,False
Devin Anderson,14,35.007,35.245,57.597,127.849,166.82260412242024,25.167,True,False
Jade Avedisian,1,62.343,36.726,33.802,132.871,135.9606761260059,,True,False
Jade Avedisian,2,35.184,35.176,32.412,102.77199999999999,102.46352966234292,-30.099000000000018,True,False
Jade Avedisian,3,35.321,35.104,31.879,102.304,102.24964578589093,-0.4679999999999893,True,False
Jade Avedisian,4,35.826,35.187,32.029,103.042,102.49758360838463,0.7379999999999995,True,False
Jade Avedisian,5,35.404,35.824,32.156,103.384,103.13796927846961,0.34199999999999875,True,False
Jade Avedisian,6,34.848,34.956,32.002,101.806,101.64141435393859,-1.578000000000003,True,False
Jade Avedisian,7,34.679,34.881,31.9,101.46000000000001,101.54102321840907,-0.3459999999999894,True,False
Jade Avedisian,8,34.604,35.083,32.012,101.699,102.06551720834528,0.2389999999999901,True,False
Jade Avedisian,9,34.743,34.862,31.74,101.345,101.53093848697699,-0.3539999999999992,True,False
Jade Avedisian,10,34.723,34.879,32.333,101.935,101.6277038603697,0.5900000000000034,True,False
Jade Avedisian,11,34.923,34.642,32.005,101.57,101.3831415235468,-0.3650000000000091,True,False
Jade Avedisian,12,35.132,34.801,32.485,102.418,101.90180317918357,0.8480000000000132,True,False
Jade Avedisian,13,34.832,35.295,188.89,259.017,168.5050154867814,156.599,True,True
Jade Avedisian,14,61.22,34.854,32.063,128.137,132.33461158338952,-130.88,True,False
Jade Avedisian,15,35.215,35.293,32.217,102.725,102.46352966234292,-25.412000000000006,True,False
Jade Avedisian,16,34.685,34.757,31.986,101.428,101.44573294793314,-1.296999999999997,True,False
Alfonso Diaz,1,36.527,35.813,33.1,105.44,104.34974078891298,,True,False
Alfonso Diaz,2,37.78,36.313,33.87,107.963,107.69278925901155,2.522999999999996,True,False
Alfonso Diaz,3,35.689,36.004,32.679,104.372,104.06071134784399,-3.590999999999994,True,False
Alfonso Diaz,4,35.273,35.243,32.025,102.541,102.40373436133777,-1.831000000000003,True,False
Alfonso Diaz,5,35.287,35.145,32.27,102.702,102.42707925239634,0.16100000000000136,True,False
Alfonso Diaz,6,35.132,35.44,32.268,102.84,102.79016786780551,0.13800000000000523,True,False
Alfonso Diaz,7,34.918,35.08,32.261,102.259,102.1651573628989,-0.5810000000000031,True,False
Alfonso Diaz,8,35.098,35.827,32.416,103.34100000000001,103.03210149041793,1.0820000000000078,True,False
Alfonso Diaz,9,35.25,35.141,32.183,102.574,102.40051581215488,-0.7670000000000101,True,False
Alfonso Diaz,10,35.382,35.165,56.339,126.886,138.69313395400783,24.311999999999998,True,False
Alfonso Diaz,11,128.018,35.22,32.212,195.45,189.5510719047573,68.564,True,False
Alfonso Diaz,12,34.909,34.992,31.979,101.88,101.86889136849359,-93.57,True,False
Alfonso Diaz,13,35.264,35.739,32.143,103.146,103.04294464889759,1.2660000000000053,True,False
Alfonso Diaz,14,35.142,34.897,32.28,102.319,101.76829046991978,-0.8269999999999982,True,False
Alfonso Diaz,15,34.908,34.877,32.051,101.836,101.55398273100204,-0.4830000000000041,True,False
Cody Jones,1,67.135,41.239,35.837,144.211,160.1202514480802,,True,False
Cody Jones,2,38.267,38.405,33.877,110.549,110.46327936021122,-33.662000000000006,True,False
Cody Jones,3,37.084,36.494,33.376,106.95400000000001,107.55791229528084,-3.594999999999999,True,False
Cody Jones,4,35.976,36.54,33.301,105.81700000000001,105.76005241058732,-1.1370000000000005,True,False
Cody Jones,5,35.703,70.905,37.951,144.559,124.01280018940308,38.74199999999999,True,False
Cody Jones,6,36.344,36.838,32.845,106.027,106.04495000938026,-38.532,True,False
Cody Jones,7,36.105,36.459,33.441,106.005,105.89852225969604,-0.02200000000000557,True,False
Cody Jones,8,35.75,35.911,33.92,105.581,104.87517868584679,-0.4239999999999924,True,False
Cody Jones,9,35.863,35.339,33.53,104.732,103.5835889947579,-0.8490000000000038,True,False
Cody Jones,10,35.661,35.958,32.905,104.524,104.16034421993395,-0.2079999999999984,True,False
Cody Jones,11,45.724,36.437,33.151,115.312,112.92367254828555,10.787999999999997,True,False
Cody Jones,12,38.008,36.754,33.818,108.58,109.37656439285482,-6.731999999999999,True,False
Cody Jones,13,36.204,35.972,33.755,105.931,105.19103171137016,-2.649000000000001,True,False
Cody Jones,14,35.812,35.676,32.921,104.40899999999999,103.47292422000021,-1.5220000000000056,True,False
Cody Jones,15,37.23,36.173,32.877,106.28,106.3012036485741,1.8710000000000093,True,False
Cody Jones,16,36.773,36.609,32.991,106.37299999999999,106.40295942136021,0.09299999999998931,True,False
Jackson Tovo,1,67.391,39.921,33.845,141.157,175.56000737249946,,True,False
Jackson Tovo,2,36.139,36.798,34.208,107.14500000000001,106.71229563933308,-34.012,True,False
Jackson Tovo,3,35.413,36.103,32.749,104.265,104.09632212631023,-2.8800000000000097,True,False
Jackson Tovo,4,34.978,35.652,32.371,103.001,102.97263076989552,-1.2639999999999958,True,False
Jackson Tovo,5,35.028,35.34,32.463,102.831,102.82248074702503,-0.1700000000000017,True,False
Jackson Tovo,6,34.885,36.185,33.664,104.73400000000001,104.47291826932535,1.9030000000000058,True,False
Jackson Tovo,7,35.37,35.269,32.144,102.783,102.45180634868167,-1.9510000000000076,True,False
Jackson Tovo,8,35.082,35.142,32.38,102.604,102.3354335362295,-0.17900000000000205,True,False
Jackson Tovo,9,34.892,35.25,32.168,102.31,102.34377802743563,-0.29399999999999693,True,False
Jackson Tovo,10,35.648,35.264,32.282,103.194,102.50604546612736,0.8840000000000003,True,False
Jackson Tovo,11,34.805,35.208,32.026,102.039,102.28788908562409,-1.1550000000000011,True,False
Jackson Tovo,12,34.845,35.22,32.949,103.01400000000001,102.71677852185321,0.9750000000000085,True,False
Jackson Tovo,13,35.419,35.475,31.998,102.892,102.82490478744784,-0.1220000000000141,True,False
Jackson Tovo,14,34.779,35.017,32.079,101.875,102.0000758732336,-1.016999999999996,True,False
Jackson Tovo,15,34.838,35.107,32.017,101.962,102.0912847063928,0.0870000000000033,True,False
Jackson Tovo,16,34.948,35.088,31.896,101.932,102.07847672093826,-0.030000000000001137,True,False
Jackson Tovo,17,34.685,35.587,31.976,102.24799999999999,102.8055093669963,0.3159999999999883,True,False
Jackson Tovo,18,35.097,35.131,31.831,102.059,102.21845512640043,-0.18899999999999295,True,False
Luke Rumburg,1,64.582,37.768,32.968,135.318,136.38496346235345,,True,False
Luke Rumburg,2,35.397,36.025,32.067,103.489,103.78317147567805,-31.829000000000008,True,False
Luke Rumburg,3,36.076,35.203,32.207,103.48599999999999,102.7237289133275,-0.0030000000000143245,True,False
Luke Rumburg,4,34.696,35.133,31.703,101.532,102.15897908777887,-1.9539999999999935,True,False
Luke Rumburg,5,34.894,34.7,31.868,101.462,101.40836927457362,-0.06999999999999318,True,False
Luke Rumburg,6,34.842,34.949,31.941,101.732,101.64141435393859,0.269999999999996,True,False
Luke Rumburg,7,35.109,34.705,32.089,101.90299999999999,101.469217005794,0.17099999999999227,True,False
Luke Rumburg,8,34.735,34.97,31.887,101.592,101.7896676500681,-0.31099999999999284,True,False
Luke Rumburg,9,34.715,35.241,149.909,219.865,168.5050154867814,118.27300000000001,True,True
Luke Rumburg,10,60.523,35.172,32.063,127.758,126.41769033242673,-92.10700000000001,True,False
Luke Rumburg,11,34.749,34.895,32.182,101.826,101.66337850040202,-25.932000000000002,True,False
Luke Rumburg,12,35.219,36.187,32.029,103.435,103.76313920700258,1.6090000000000089,True,False
Luke Rumburg,13,34.609,48.947,34.334,117.89,112.76136560714161,14.454999999999998,True,False
Luke Rumburg,14,35.159,35.189,32.09,102.438,102.37593518335528,-15.451999999999998,True,False
Luke Rumburg,15,34.872,35.251,31.914,102.037,102.28788908562409,-0.40099999999999625,True,False
Luke Rumburg,16,34.916,35.038,31.918,101.872,102.03696438763308,-0.16500000000000625,True,False
Maximilian Hewitt,1,35.678,35.119,32.657,103.45400000000001,102.63377149008973,,True,False
Maximilian Hewitt,2,34.906,34.744,32.096,101.74600000000001,101.48991006869332,-1.7079999999999984,True,False
Maximilian Hewitt,3,34.877,35.229,32.015,102.12100000000001,102.28788908562409,0.375,True,False
Maximilian Hewitt,4,36.042,35.938,32.462,104.44200000000001,104.2865454143889,2.320999999999998,True,False
Maximilian Hewitt,5,34.939,34.892,32.255,102.086,101.65729502967622,-2.3560000000000088,True,False
Maximilian Hewitt,6,34.989,34.82,31.936,101.745,101.55757160582327,-0.340999999999994,True,False
Maximilian Hewitt,7,34.686,34.701,32.106,101.493,101.43671210157993,-0.25200000000000955,True,False
Maximilian Hewitt,8,34.473,34.844,32.089,101.406,101.55535442360087,-0.08699999999998909,True,False
Maximilian Hewitt,9,35.284,35.031,31.96,102.275,102.15280966334674,0.8689999999999998,True,False
Maximilian Hewitt,10,35.329,34.886,56.645,126.86,154.00389285351693,24.584999999999994,True,False
Maximilian Hewitt,11,193.996,35.21,32.479,261.685,189.5510719047573,134.825,True,True
Maximilian Hewitt,12,35.207,34.539,31.959,101.705,101.48394605862883,-159.98000000000002,True,False
Maximilian Hewitt,13,34.602,34.379,32.151,101.132,101.36738967779182,-0.5729999999999933,True,False
Maximilian Hewitt,14,34.692,35.627,32.326,102.64500000000001,102.91644287428328,1.5130000000000052,True,False
Maximilian Hewitt,15,34.629,34.787,31.948,101.364,101.52969299899313,-1.281000000000006,True,False
Jenson Sofronas,1,64.357,38.024,34.437,136.818,137.17627817088433,,True,False
Jenson Sofronas,2,36.252,36.486,33.465,106.203,106.10629377679412,-30.61500000000001,True,False
Jenson Sofronas,3,35.987,36.581,32.539,105.107,105.27566652508334,-1.0960000000000036,True,False
Jenson Sofronas,4,35.189,36.251,32.424,103.864,103.89996291526344,-1.242999999999995,True,False
Jenson Sofronas,5,35.461,35.635,32.667,103.763,103.31089942544044,-0.10099999999999909,True,False
Jenson Sofronas,6,35.268,37.374,33.444,106.086,106.18446980353123,2.3229999999999933,True,False
Jenson Sofronas,7,35.135,35.406,32.663,103.20400000000001,102.98117565966336,-2.881999999999991,True,False
Jenson Sofronas,8,35.293,35.674,32.453,103.42,103.30882591890536,0.21599999999999397,True,False
Jenson Sofronas,9,34.928,35.061,32.338,102.327,102.1651573628989,-1.0930000000000035,True,False
Jenson Sofronas,10,34.918,35.357,32.175,102.45,102.55616923548104,0.12300000000000466,True,False
Jenson Sofronas,11,34.844,35.094,32.294,102.232,102.1651573628989,-0.21800000000000352,True,False
Jenson Sofronas,12,34.674,35.285,32.159,102.118,102.33081851484266,-0.11400000000000432,True,False
Jenson Sofronas,13,34.803,35.063,33.08,102.946,102.6113290780369,0.828000000000003,True,False
Jenson Sofronas,14,35.199,35.371,32.135,102.705,102.62168175294264,-0.24099999999999966,True,False
Jenson Sofronas,15,35.007,34.928,32.081,102.01599999999999,101.67066465336757,-0.6890000000000072,True,False
Jenson Sofronas,16,34.698,35.135,32.151,101.98400000000001,102.18895120796222,-0.031999999999982265,True,False
Jenson Sofronas,17,34.978,35.032,32.064,102.074,102.03696438763308,0.0899999999999892,True,False
Jenson Sofronas,18,34.96,35.276,32.114,102.35,102.30777647437534,0.27599999999999625,True,False
Aidan Yoder,1,68.273,43.809,34.796,146.878,186.93140577914917,,True,False
Aidan Yoder,2,35.839,35.327,32.111,103.277,102.65382698250141,-43.600999999999985,True,False
Aidan Yoder,3,35.311,35.828,32.395,103.53399999999999,103.15620684285501,0.2569999999999908,True,False
Aidan Yoder,4,34.685,34.874,31.955,101.51400000000001,101.54102321840907,-2.019999999999982,True,False
Aidan Yoder,5,34.556,34.666,31.864,101.086,101.36009727952177,-0.4280000000000115,True,False
Aidan Yoder,6,34.468,34.756,32.007,101.231,101.44573294793314,0.14499999999999602,True,False
Aidan Yoder,7,34.71,34.668,31.921,101.299,101.37018201095383,0.06800000000001205,True,False
Aidan Yoder,8,34.436,36.28,32.096,102.812,103.74354966119031,1.512999999999991,True,False
Aidan Yoder,9,34.539,34.725,31.954,101.218,101.40549449341272,-1.593999999999994,True,False
Aidan Yoder,10,34.56,34.774,32.074,101.408,101.51504519771107,0.18999999999999773,True,False
Aidan Yoder,11,34.873,34.806,343.436,413.115,168.2344720733198,311.707,True,True
Aidan Yoder,12,60.743,35.205,32.461,128.409,126.94949787812949,-284.706,True,False
Aidan Yoder,13,34.928,34.805,31.983,101.71600000000001,101.5426525115861,-26.692999999999984,True,False
Aidan Yoder,14,34.881,34.702,31.929,101.512,101.41845400600569,-0.20400000000000773,True,False
Lucas Weisenberg,1,63.064,37.143,33.414,133.621,135.65521519651918,,True,False
Lucas Weisenberg,2,35.434,35.147,31.991,102.572,102.40979975517563,-31.049000000000007,True,False
Lucas Weisenberg,3,34.582,34.589,31.839,101.00999999999999,101.33003920667936,-1.5620000000000118,True,False
Lucas Weisenberg,4,34.564,34.822,31.679,101.065,101.51960826756105,0.05500000000000682,True,False
Lucas Weisenberg,5,34.869,34.669,31.86,101.398,101.37305679211472,0.3329999999999984,True,False
Lucas Weisenberg,6,34.488,34.717,31.903,101.108,101.40549449341272,-0.28999999999999204,True,False
Lucas Weisenberg,7,34.428,34.572,31.765,100.765,101.33003920667936,-0.3430000000000035,True,False
Lucas Weisenberg,8,34.452,35.353,32.298,102.10300000000001,102.56144728727348,1.338000000000008,True,False
Lucas Weisenberg,9,34.743,35.378,32.117,102.238,102.5334619394378,0.1349999999999909,True,False
Lucas Weisenberg,10,34.628,34.678,166.77100000000002,236.077,168.2344720733198,133.839,True,True
Lucas Weisenberg,11,60.753,34.814,32.103,127.67,126.85593811258076,-108.407,True,False
Lucas Weisenberg,12,34.545,34.663,31.953,101.161,101.37018201095383,-26.509,True,False
Lucas Weisenberg,13,34.479,34.865,31.89,101.23400000000001,101.53093848697699,0.0730000000000075,True,False
Lucas Weisenberg,14,34.604,34.705,31.961,101.27000000000001,101.40549449341272,0.036000000000001364,True,False
Lucas Weisenberg,15,34.826,34.661,32.447,101.934,101.66322288971374,0.6639999999999873,True,False
Lucas Weisenberg,16,34.96,34.728,31.839,101.527,101.40836927457362,-0.4069999999999965,True,False
Ayden Kirk,1,36.765,35.943,32.382,105.09,105.12958750432985,,True,False
Ayden Kirk,2,36.804,36.633,32.036,105.473,106.22309288766965,0.38299999999999557,True,False
Ayden Kirk,3,34.97,35.242,32.148,102.36,102.30777647437534,-3.1129999999999995,True,False
Ayden Kirk,4,34.92,35.787,32.112,102.819,102.94143057837573,0.4590000000000032,True,False
Ayden Kirk,5,35.701,35.213,32.212,103.126,102.50604546612736,0.30700000000000216,True,False
Ayden Kirk,6,34.988,35.16,32.401,102.549,102.3769346860582,-0.5769999999999982,True,False
Ayden Kirk,7,35.155,35.235,32.118,102.50800000000001,102.38149136691474,-0.04099999999999682,True,False
Ayden Kirk,8,34.891,34.987,32.125,102.003,101.90133289300853,-0.5050000000000097,True,False
Ayden Kirk,9,35.073,35.068,32.193,102.334,102.2015891574954,0.33100000000000307,True,False
Ayden Kirk,10,35.25,34.83,32.355,102.435,101.74217744348454,0.10099999999999909,True,False
Ayden Kirk,11,35.17,34.874,32.395,102.439,101.72672478534304,0.003999999999990678,True,False
Ayden Kirk,12,34.933,35.154,32.307,102.394,102.32556518187447,-0.044999999999987494,True,False
Ayden Kirk,13,35.054,35.18,32.216,102.45,102.39844738641754,0.055999999999997385,True,False
Ayden Kirk,14,35.268,35.385,32.406,103.059,102.71812135008017,0.6089999999999947,True,False
Ayden Kirk,15,34.859,35.212,32.077,102.148,102.28788908562409,-0.9110000000000014,True,False
Ayden Kirk,16,34.789,36.02,32.094,102.90299999999999,103.62819051220393,0.7549999999999955,True,False
Ayden Kirk,17,35.002,35.037,32.229,102.268,102.13856412383089,-0.6349999999999909,True,False
Casey Mashore,1,65.417,38.065,32.741,136.223,138.32201705527382,,True,False
Casey Mashore,2,35.557,35.625,32.195,103.37700000000001,103.0604727485896,-32.846000000000004,True,False
Casey Mashore,3,34.885,35.495,32.269,102.649,102.74067021414669,-0.7280000000000086,True,False
Casey Mashore,4,35.082,35.1,31.988,102.17,102.11490851553475,-0.4789999999999992,True,False
Casey Mashore,5,35.095,34.983,32.476,102.554,102.2036459576128,0.38400000000000034,True,False
Casey Mashore,6,35.513,35.671,32.21,103.394,103.11666064420181,0.8400000000000034,True,False
Casey Mashore,7,34.847,34.959,102.77799999999999,172.584,168.2344720733198,69.19,True,False
Casey Mashore,8,62.409,34.986,32.176,129.571,135.4669072858049,-43.013000000000005,True,False
Casey Mashore,9,35.122,35.061,32.039,102.22200000000001,102.11490851553475,-27.34899999999999,True,False
Casey Mashore,10,34.991,35.04,32.362,102.393,102.18007645713607,0.17099999999999227,True,False
Casey Mashore,11,35.161,35.213,32.189,102.563,102.43573048436043,0.1700000000000017,True,False
Casey Mashore,12,34.966,34.966,32.095,102.027,101.79474585106331,-0.5360000000000014,True,False
Casey Mashore,13,35.126,35.019,32.114,102.259,102.07443266244736,0.23199999999999932,True,False
Casey Mashore,14,34.95,34.955,31.984,101.88900000000001,101.64141435393859,-0.36999999999999034,True,False
Casey Mashore,15,34.818,34.649,32.045,101.512,101.3831415235468,-0.37700000000000955,True,False
Casey Mashore,16,34.675,34.969,32.203,101.84700000000001,101.88643302346081,0.33500000000000796,True,False
Casey Mashore,17,34.975,35.155,32.046,102.176,102.25143867567749,0.3289999999999935,True,False
Axel Cabrera,1,35.379,35.401,32.003,102.783,102.73093878400375,,True,False
Axel Cabrera,2,34.896,35.027,31.93,101.85300000000001,102.02540927982422,-0.9299999999999926,True,False
Axel Cabrera,3,34.665,35.831,32.323,102.819,102.99566969582143,0.965999999999994,True,False
Axel Cabrera,4,34.864,35.32,32.005,102.189,102.28788908562409,-0.6300000000000097,True,False
Axel Cabrera,5,34.573,34.964,32.126,101.663,101.79434047423402,-0.5259999999999962,True,False
Axel Cabrera,6,34.825,34.718,32.016,101.559,101.41845400600569,-0.1039999999999992,True,False
Axel Cabrera,7,34.821,35.079,31.931,101.831,102.07847672093826,0.27200000000000557,True,False
Axel Cabrera,8,34.783,34.991,31.958,101.732,101.86889136849359,-0.09900000000000375,True,False
Axel Cabrera,9,34.968,34.97,32.263,102.201,101.89939253605378,0.4689999999999941,True,False
Axel Cabrera,10,35.029,34.988,32.019,102.036,101.90532316309009,-0.16499999999999204,True,False
Axel Cabrera,11,34.987,34.879,32.149,102.015,101.58642425551697,-0.021000000000000796,True,False
Axel Cabrera,12,34.845,38.835,58.745,132.425,168.5050154867814,30.41000000000001,True,False
Spike Kohlbecker,1,35.203,34.944,31.928,102.075,101.75725962965225,,True,False
Spike Kohlbecker,2,34.96,34.861,31.773,101.594,101.54389799956996,-0.48100000000000875,True,False
Spike Kohlbecker,3,34.664,34.787,32.076,101.527,101.52969299899313,-0.06699999999999307,True,False
Spike Kohlbecker,4,34.553,34.549,31.898,101.0,101.3307781363873,-0.527000000000001,True,False
Spike Kohlbecker,5,34.47,34.47,31.605,100.545,101.31353320242886,-0.4549999999999983,True,False
Spike Kohlbecker,6,34.547,34.426,31.599,100.572,101.31353320242886,0.027000000000001023,True,False
Spike Kohlbecker,7,34.366,37.168,32.148,103.682,105.53075404687948,3.1099999999999994,True,False
Spike Kohlbecker,8,34.389,34.457,31.67,100.51599999999999,101.31353320242886,-3.166000000000011,True,False
Spike Kohlbecker,9,34.534,34.593,56.626,125.753,154.00389285351693,25.23700000000001,True,False
Spike Kohlbecker,10,267.948,34.775,32.197,334.92,189.5510719047573,209.16700000000003,True,True
Spike Kohlbecker,11,34.52,34.532,31.827,100.87899999999999,101.32069340495522,-234.04100000000003,True,False
Spike Kohlbecker,12,34.438,34.694,31.868,101.0,101.38246575383192,0.12100000000000932,True,False
Spike Kohlbecker,13,36.72,37.534,32.744,106.99799999999999,106.69293910695401,5.9979999999999905,True,False
Spike Kohlbecker,14,34.537,34.469,31.754,100.75999999999999,101.31353320242886,-6.2379999999999995,True,False
Mia Lovell,1,35.053,35.151,32.007,102.211,102.28787047027399,,True,False
Mia Lovell,2,34.503,34.685,31.953,101.14099999999999,101.38095753932956,-1.0700000000000074,True,False
Mia Lovell,3,34.407,35.39,31.74,101.537,102.53239604192925,0.396000000000015,True,False
Mia Lovell,4,34.315,34.722,31.722,100.759,101.39540976198064,-0.7780000000000058,True,False
Mia Lovell,5,34.44,34.858,31.81,101.108,101.53093848697699,0.34900000000000375,True,False
Mia Lovell,6,34.41,34.706,31.792,100.908,101.39540976198064,-0.20000000000000284,True,False
Mia Lovell,7,35.325,34.839,56.05,126.214,131.13320438141457,25.305999999999997,True,False
Mia Lovell,8,109.991,34.994,31.895,176.88,189.5510719047573,50.666,True,False
Mia Lovell,9,34.626,34.756,31.742,101.124,101.43564821650106,-75.756,True,False
Mia Lovell,10,34.568,34.615,31.645,100.828,101.34867815373558,-0.29599999999999227,True,False
Mia Lovell,11,34.485,35.783,31.693,101.961,102.91145845819239,1.1329999999999956,True,False
Mia Lovell,12,34.949,34.772,32.117,101.838,101.57177645423494,-0.12300000000000466,True,False
Mia Lovell,13,34.768,35.254,34.138,104.16,103.64885552868076,2.3220000000000027,True,False
Mia Lovell,14,34.39,35.004,33.353,102.747,102.60912256110804,-1.4129999999999967,True,False
Mia Lovell,15,34.674,35.973,32.368,103.015,103.66658242302786,0.2680000000000007,True,False
Mia Lovell,16,34.626,34.641,32.119,101.386,101.40253462909855,-1.6290000000000049,True,False
Miki Koyama,1,69.586,43.289,38.362,151.237,188.1101999387209,,True,False
Miki Koyama,2,40.855,40.212,34.821,115.888,114.40606092885389,-35.34899999999999,True,False
Miki Koyama,3,37.843,37.711,33.626,109.18,109.10618759248354,-6.707999999999998,True,False
Miki Koyama,4,36.7,38.171,32.948,107.819,106.87331931084879,-1.3610000000000042,True,False
Miki Koyama,5,35.671,36.57,33.992,106.233,106.14397943596052,-1.5859999999999985,True,False
Miki Koyama,6,35.816,36.322,32.79,104.928,104.746102438407,-1.3050000000000068,True,False
Miki Koyama,7,35.669,36.066,33.297,105.032,104.42412474055662,0.1039999999999992,True,False
Miki Koyama,8,35.761,35.618,32.533,103.912,103.27211490115165,-1.1199999999999903,True,False
Miki Koyama,9,35.626,36.159,33.003,104.788,104.26794651010329,0.8759999999999906,True,False
Miki Koyama,10,35.862,35.765,232.212,303.839,168.5050154867814,199.051,True,True
Miki Koyama,11,64.487,36.411,32.495,133.393,136.38163083248114,-170.446,True,False
Miki Koyama,12,35.357,35.948,33.009,104.314,104.24546297499434,-29.079000000000008,True,False
Miki Koyama,13,37.396,36.136,32.477,106.009,106.4578439527321,1.6950000000000074,True,False
Miki Koyama,14,35.091,36.051,32.612,103.75399999999999,103.91465637018646,-2.2550000000000097,True,False
Miki Koyama,15,35.466,35.186,32.375,103.027,102.50604546612736,-0.7269999999999897,True,False
Steven Clemons,1,35.602,35.648,33.091,104.34100000000001,103.56350505318971,,True,False
Steven Clemons,2,35.356,35.046,33.668,104.07,103.18224789258714,-0.271000000000015,True,False
Steven Clemons,3,35.263,35.156,32.468,102.887,102.6387214049584,-1.1829999999999927,True,False
Steven Clemons,4,35.765,37.517,62.113,135.395,168.5050154867814,32.50800000000001,True,False
Steven Clemons,5,80.077,35.028,32.18,147.285,189.5510719047573,11.889999999999986,True,True
Steven Clemons,6,35.313,34.8,32.31,102.423,101.77164304455738,-44.861999999999995,True,False
Steven Clemons,7,35.232,35.348,32.227,102.807,102.67592087038832,0.38400000000000034,True,False
Steven Clemons,8,35.07,35.029,31.886,101.985,102.07339618222957,-0.8220000000000027,True,False
Steven Clemons,9,35.471,35.094,56.578,127.143,146.86778487112048,25.158,True,False
Steven Clemons,10,204.405,35.127,32.124,271.656,189.5510719047573,144.513,True,True
Steven Clemons,11,35.084,35.039,32.243,102.366,102.17850612710026,-169.29000000000002,True,False
Steven Clemons,12,34.909,35.474,32.533,102.916,102.95231236670875,0.5499999999999972,True,False
Steven Clemons,13,34.754,35.416,32.199,102.369,102.67386898934144,-0.546999999999997,True,False
Steven Clemons,14,35.521,35.102,32.346,102.969,102.32199522265977,0.5999999999999943,True,False
Andrew Gilleland,1,66.854,41.721,36.966,145.541,152.72884583101674,,True,False
Andrew Gilleland,2,36.613,35.903,32.57,105.086,104.86084508544678,-40.455,True,False
Andrew Gilleland,3,35.399,35.856,32.44,103.695,103.38441628102295,-1.3910000000000053,True,False
Andrew Gilleland,4,35.01,35.382,32.36,102.75200000000001,102.60262015112068,-0.9429999999999836,True,False
Andrew Gilleland,5,34.991,60.25,35.184,130.425,116.9621780465788,27.673000000000002,True,False
Andrew Gilleland,6,35.429,36.248,32.656,104.333,104.17607049683038,-26.092000000000013,True,False
Andrew Gilleland,7,35.637,36.128,32.553,104.318,104.06124525773248,-0.015000000000000568,True,False
Andrew Gilleland,8,35.189,36.096,33.16,104.445,104.30823235765963,0.12699999999999534,True,False
Andrew Gilleland,9,35.859,36.455,32.534,104.848,105.17698595559374,0.4030000000000058,True,False
Andrew Gilleland,10,35.453,35.752,33.11,104.315,103.67346115327861,-0.5330000000000013,True,False
Andrew Gilleland,11,35.708,36.68,32.782,105.17,105.38127021444765,0.855000000000004,True,False
Andrew Gilleland,12,35.803,36.531,32.99,105.324,105.33866852029351,0.15399999999999636,True,False
Andrew Gilleland,13,35.387,36.4,34.072,105.85900000000001,106.00754629158173,0.5350000000000108,True,False
Andrew Gilleland,14,34.982,35.426,32.414,102.822,102.72798663892544,-3.037000000000006,True,False
Andrew Gilleland,15,35.049,35.585,32.567,103.201,103.12770982035182,0.3789999999999907,True,False
Andrew Gilleland,16,35.159,35.467,32.83,103.456,103.08358766293486,0.25500000000000966,True,False
Andrew Gilleland,17,35.029,38.478,32.803,106.31,105.92072591857327,2.853999999999999,True,False
Henry Drury,1,67.243,42.197,33.804,143.244,164.3066987463407,,True,False
Henry Drury,2,35.697,35.618,32.619,103.934,103.27211490115165,-39.31,True,False
Henry Drury,3,35.055,34.765,31.838,101.658,101.54599484096343,-2.2759999999999962,True,False
Henry Drury,4,35.077,34.925,32.436,102.438,101.9345994237668,0.7800000000000011,True,False
Henry Drury,5,34.672,34.813,31.892,101.37700000000001,101.51960826756105,-1.0609999999999928,True,False
Henry Drury,6,34.692,34.79,32.047,101.529,101.52969299899313,0.1519999999999868,True,False
Henry Drury,7,34.601,34.651,31.876,101.128,101.36009727952177,-0.40099999999999625,True,False
Henry Drury,8,34.367,34.741,31.71,100.818,101.41108903119643,-0.3100000000000023,True,False
Henry Drury,9,34.513,34.699,32.799,102.011,101.78441879908137,1.1929999999999978,True,False
Henry Drury,10,34.523,34.603,31.982,101.108,101.34012393811143,-0.9029999999999916,True,False
Henry Drury,11,34.821,34.605,31.774,101.2,101.34299871927233,0.09199999999999875,True,False
Henry Drury,12,34.599,34.898,31.892,101.38900000000001,101.60233379512992,0.18900000000000716,True,False
Henry Drury,13,34.409,34.508,31.991,100.908,101.3307781363873,-0.48100000000000875,True,False
Henry Drury,14,34.395,34.398,32.393,101.186,101.4216287952375,0.2780000000000058,True,False
Henry Drury,15,34.374,34.617,31.976,100.967,101.35876288516765,-0.2190000000000083,True,False
Henry Drury,16,34.786,34.473,31.851,101.11,101.32649271502183,0.14300000000000068,True,False
Henry Drury,17,34.578,34.756,32.142,101.476,101.48950469186403,0.36599999999999966,True,False
Livio Galanti,1,64.924,41.132,36.234,142.29,139.07749703351567,,True,False
Livio Galanti,2,35.531,35.526,32.367,103.424,102.88470008845299,-38.865999999999985,True,False
Livio Galanti,3,36.604,35.163,32.703,104.47,103.44236289680474,1.0459999999999923,True,False
Livio Galanti,4,34.959,35.076,32.645,102.68,102.39874914068142,-1.789999999999992,True,False
Livio Galanti,5,34.94,34.786,32.397,102.12299999999999,101.64066337296268,-0.5570000000000164,True,False
Livio Galanti,6,35.083,34.711,32.612,102.406,101.76155734158219,0.28300000000001546,True,False
Livio Galanti,7,34.807,35.243,32.742,102.792,102.61260628320495,0.3859999999999957,True,False
Livio Galanti,8,35.334,35.023,32.7,103.057,102.48971157387368,0.26500000000000057,True,False
Livio Galanti,9,34.884,34.911,32.338,102.13300000000001,101.72809499589921,-0.9239999999999924,True,False
Livio Galanti,10,35.191,35.855,32.651,103.697,103.390440277272,1.563999999999993,True,False
Livio Galanti,11,35.346,35.109,32.529,102.98400000000001,102.59369177914733,-0.7129999999999939,True,False
Livio Galanti,12,35.033,35.087,32.127,102.247,102.1473500400497,-0.737000000000009,True,False
Livio Galanti,13,35.302,35.032,32.726,103.06,102.5182655952839,0.8130000000000024,True,False
Livio Galanti,14,35.015,34.977,32.136,102.128,101.9162519872457,-0.9320000000000022,True,False
Livio Galanti,15,34.73,36.543,32.556,103.82900000000001,105.04939024251593,1.7010000000000076,True,False
Livio Galanti,16,34.824,35.12,32.439,102.38300000000001,102.42622247127196,-1.445999999999998,True,False
Livio Galanti,17,34.878,35.004,32.296,102.178,101.95557201045423,-0.2050000000000125,True,False
Keanu Reeves,1,72.848,48.975,41.626,163.449,189.32117146304216,,True,False
Keanu Reeves,2,46.565,43.86,37.31,127.735,129.10364453656118,-35.71400000000001,True,False
Keanu Reeves,3,41.931,43.93,36.345,122.206,119.59156948697455,-5.528999999999996,True,False
Keanu Reeves,4,39.426,40.942,35.714,116.082,117.95930988151446,-6.124000000000009,True,False
Keanu Reeves,5,40.677,39.052,35.998,115.727,118.60786500191513,-0.35499999999998977,True,False
Keanu Reeves,6,38.183,38.377,35.629,112.189,115.81116706759978,-3.538000000000011,True,False
Keanu Reeves,7,38.965,38.863,35.591,113.419,117.1361724287191,1.230000000000004,True,False
Keanu Reeves,8,37.905,39.605,34.752,112.262,113.49289645660265,-1.1569999999999965,True,False
Keanu Reeves,9,37.932,39.73,34.125,111.787,111.49108875850601,-0.4749999999999943,True,False
Keanu Reeves,10,38.439,39.118,35.068,112.625,114.83240300638663,0.8379999999999939,True,False
Keanu Reeves,11,37.267,39.539,34.356,111.162,113.04368148219481,-1.4629999999999939,True,False
Keanu Reeves,12,37.39,38.058,33.986,109.434,109.00199308424432,-1.7280000000000086,True,False
Keanu Reeves,13,38.035,38.86,33.788,110.68299999999999,110.62553263734102,1.2489999999999952,True,False
Keanu Reeves,14,37.329,37.864,34.864,110.057,111.20718766228322,-0.6259999999999906,True,False
Keanu Reeves,15,36.38,37.541,33.674,107.595,106.75441502101049,-2.4620000000000033,True,False
Keanu Reeves,16,36.637,39.535,38.254,114.426,123.76401390553002,6.831000000000003,True,False
Jaxon Bell,1,35.108,35.163,32.274,102.545,102.39844738641754,,True,False
Jaxon Bell,2,34.531,34.766,32.693,101.99000000000001,101.86357931430389,-0.5549999999999926,True,False
Jaxon Bell,3,35.059,34.86,33.07,102.989,102.2050796820681,0.9989999999999952,True,False
Jaxon Bell,4,34.48,34.347,32.05,100.87700000000001,101.32361793386093,-2.1119999999999948,True,False
Jaxon Bell,5,34.466,34.504,32.055,101.025,101.32361793386093,0.14799999999999613,True,False
Jaxon Bell,6,34.576,34.608,31.986,101.17,101.34012393811143,0.14499999999999602,True,False
Jaxon Bell,7,34.363,34.518,32.078,100.959,101.3307781363873,-0.21099999999999852,True,False
Jaxon Bell,8,34.632,34.68,31.811,101.12299999999999,101.36009727952177,0.16399999999998727,True,False
Jaxon Bell,9,34.548,34.466,31.84,100.854,101.31353320242886,-0.26899999999999125,True,False
Jaxon Bell,10,34.893,34.795,31.93,101.618,101.5426525115861,0.7639999999999958,True,False
Jaxon Bell,11,34.682,34.725,31.854,101.261,101.39540976198064,-0.3569999999999993,True,False
Jaxon Bell,12,34.648,37.19,56.646,128.484,158.89780397378408,27.223000000000013,True,False
Jaxon Bell,13,134.549,34.819,32.001,201.369,189.5510719047573,72.88499999999999,True,False
Jaxon Bell,14,34.576,34.611,32.95,102.137,101.87881289517978,-99.232,True,False
Jaxon Bell,15,34.483,34.544,31.791,100.818,101.32069340495522,-1.3190000000000026,True,False
Jaxon Bell,16,34.428,34.483,31.73,100.64099999999999,101.31353320242886,-0.1770000000000067,True,False
Will Robusto,19,62.774,37.881,32.917,133.572,135.6715623411158,32.94499999999999,True,False
Will Robusto,20,34.576,34.598,31.762,100.936,101.33003920667936,-32.635999999999996,True,False
Will Robusto,21,34.113,34.198,31.591,99.902,101.31353320242886,-1.034000000000006,False,False
Will Robusto,22,34.556,34.193,31.787,100.536,101.31353320242886,0.6340000000000003,True,False
Will Robusto,23,34.197,34.145,31.672,100.01400000000001,101.31353320242886,-0.5219999999999914,True,False
Will Robusto,24,34.293,34.381,32.021,100.695,101.32361793386093,0.6809999999999832,True,False
Jason Kos,18,64.579,40.084,33.241,137.904,138.57346110556887,34.614999999999995,True,False
Jason Kos,19,34.952,35.232,32.732,102.916,102.61260628320495,-34.988,True,False
Jason Kos,20,34.838,34.687,32.036,101.561,101.40550999785697,-1.3549999999999898,True,False
Jason Kos,21,34.634,34.893,31.979,101.506,101.55765487512261,-0.05500000000000682,True,False
Jason Kos,22,34.977,34.844,32.073,101.894,101.55398273100204,0.38800000000000523,True,False
Jason Kos,23,34.601,34.943,31.911,101.455,101.62845484134562,-0.43900000000000716,True,False
Jason Kos,24,34.937,34.761,31.965,101.663,101.47294763574115,0.2079999999999984,True,False
Jason Kos,25,34.953,34.937,32.873,102.763,102.07411847667039,1.1000000000000085,True,False
Jason Kos,26,35.486,34.839,32.041,102.366,101.69929360778856,-0.39700000000000557,True,False
Gresham Wagner,14,34.611,34.344,31.863,100.818,101.31353320242886,-23.786,True,False
Gresham Wagner,15,34.32,34.272,31.699,100.291,101.31353320242886,-0.527000000000001,True,False
Gresham Wagner,16,35.206,35.256,31.69,102.152,102.40373436133777,1.8610000000000042,True,False
Gresham Wagner,17,34.316,34.117,31.451,99.884,101.31353320242886,-2.2680000000000007,False,False
Gresham Wagner,18,34.257,34.539,31.849,100.64500000000001,101.32069340495522,0.7610000000000099,True,False
Gresham Wagner,19,34.327,34.262,34.053,102.642,102.96660929912203,1.9969999999999857,True,False
Gresham Wagner,20,34.288,34.293,36.714,105.295,116.07054715800318,2.653000000000006,True,False
Gresham Wagner,21,34.251,33.957,31.613,99.821,101.31353320242886,-5.474000000000004,False,False
Maddie Aust,14,36.282,35.668,32.018,103.968,103.85883162892209,0.28600000000000136,True,False
Maddie Aust,15,34.609,34.622,31.968,101.199,101.35876288516765,-2.7690000000000055,True,False
Maddie Aust,16,34.602,34.763,32.125,101.49000000000001,101.50375986707905,0.291000000000011,True,False
Maddie Aust,17,34.893,34.574,32.111,101.578,101.3843010588716,0.08799999999999386,True,False
Maddie Aust,18,34.462,34.691,31.846,100.999,101.38246575383192,-0.5790000000000077,True,False
Maddie Aust,19,34.532,34.834,32.342,101.708,101.6277038603697,0.7090000000000032,True,False
Maddie Aust,20,34.771,34.908,32.313,101.99199999999999,101.72809499589921,0.2839999999999918,True,False
Maddie Aust,21,34.75,34.915,32.176,101.84100000000001,101.69689791892084,-0.15099999999998204,True,False
Jack Woodfin,16,63.656,36.664,33.004,133.324,135.55035124413823,12.854000000000013,True,False
Jack Woodfin,17,35.841,36.094,32.91,104.845,104.21167766319635,-28.479000000000013,True,False
Jack Woodfin,18,35.515,35.187,32.355,103.057,102.50604546612736,-1.7879999999999967,True,False
Jack Woodfin,19,35.304,35.703,32.538,103.545,103.3513417226898,0.48799999999999955,True,False
Jack Woodfin,20,35.066,35.188,32.637,102.89099999999999,102.63203916420008,-0.6540000000000106,True,False
Jack Woodfin,21,35.455,35.631,33.121,104.207,103.62071157305014,1.3160000000000025,True,False
Jack Woodfin,22,35.389,35.385,33.692,104.46600000000001,103.56116177417027,0.25900000000001455,True,False
Jack Woodfin,23,35.307,35.559,33.287,104.15299999999999,103.5798028135839,-0.3130000000000166,True,False
Jack Woodfin,24,35.827,35.411,32.608,103.846,103.08087445947223,-0.30699999999998795,True,False
Westin Workman,17,34.566,34.421,31.669,100.656,101.31353320242886,-32.45400000000001,True,False
Westin Workman,18,34.205,34.165,31.457,99.827,101.31353320242886,-0.8290000000000077,False,False
Westin Workman,19,34.158,34.248,31.597,100.003,101.31353320242886,0.17600000000000193,True,False
Westin Workman,20,34.068,34.066,31.728,99.862,101.31353320242886,-0.14100000000000534,False,False
Westin Workman,21,34.686,34.54,34.312,103.538,105.66769461827677,3.676000000000002,True,False
Westin Workman,22,34.063,34.06,31.654,99.777,101.31353320242886,-3.7609999999999957,False,False
Westin Workman,23,34.934,36.111,32.136,103.181,103.62819051220393,3.4039999999999964,True,False
Westin Workman,24,34.109,33.995,31.749,99.85300000000001,101.31353320242886,-3.3279999999999887,False,False
Alex Garcia,14,63.513,36.968,32.619,133.1,135.4669072858049,31.409999999999997,True,False
Alex Garcia,15,35.082,34.977,32.204,102.263,101.99200380505073,-30.83699999999999,True,False
Alex Garcia,16,34.881,34.606,31.972,101.459,101.3530834507044,-0.804000000000002,True,False
Alex Garcia,17,34.797,34.557,31.883,101.237,101.33365291754819,-0.2220000000000084,True,False
Alex Garcia,18,34.435,34.558,31.645,100.638,101.32069340495522,-0.5989999999999895,True,False
Alex Garcia,19,34.489,34.408,31.859,100.756,101.31353320242886,0.117999999999995,True,False
Alex Garcia,20,34.549,34.511,32.703,101.763,101.67633078002147,1.007000000000005,True,False
Alex Garcia,21,41.611,34.834,31.957,108.402,105.8056012654871,6.638999999999996,True,False
Alex Garcia,22,34.512,34.48,31.884,100.876,101.31353320242886,-7.525999999999996,True,False
Jordan RickSegrini,16,34.602,34.597,31.641,100.84,101.33003920667936,-1.840999999999994,True,False
Jordan RickSegrini,17,34.33,34.845,31.54,100.715,101.53093848697699,-0.125,True,False
Jordan RickSegrini,18,34.363,34.346,31.615,100.324,101.31353320242886,-0.39100000000000534,True,False
Jordan RickSegrini,19,34.157,34.207,31.601,99.965,101.31353320242886,-0.35899999999999466,False,False
Jordan RickSegrini,20,34.301,34.394,31.744,100.439,101.31353320242886,0.47399999999998954,True,False
Jordan RickSegrini,21,34.227,34.23,31.969,100.426,101.32361793386093,-0.012999999999991019,True,False
Jordan RickSegrini,22,34.201,34.175,32.09,100.46600000000001,101.33794913905274,0.04000000000000625,True,False
Jordan RickSegrini,23,34.892,35.505,32.431,102.828,102.91074284741777,2.3619999999999948,True,False
Ramon Llano,17,72.788,45.704,35.778,154.27,189.32117146304216,44.51600000000002,True,False
Ramon Llano,18,37.17,36.907,33.174,107.251,107.8051745298797,-47.019000000000005,True,False
Ramon Llano,19,41.595,36.658,33.079,111.332,109.76333435081153,4.080999999999989,True,False
Ramon Llano,20,36.552,36.459,32.991,106.00200000000001,105.91951400799371,-5.329999999999984,True,False
Ramon Llano,21,35.911,36.692,32.796,105.399,105.46752510336813,-0.6030000000000086,True,False
Ramon Llano,22,36.121,35.704,33.153,104.97800000000001,104.03003729110709,-0.42099999999999227,True,False
Ramon Llano,23,35.723,35.78,33.27,104.773,103.71644566731555,-0.2050000000000125,True,False
Ramon Llano,24,35.756,36.63,34.053,106.439,106.25336628923962,1.6659999999999968,True,False
Ford Koch,17,65.585,40.174,33.532,139.291,140.50307675112154,37.845,True,False
Ford Koch,18,34.987,34.718,32.092,101.797,101.4327852111975,-37.494,True,False
Ford Koch,19,34.651,34.555,31.793,100.999,101.32069340495522,-0.7980000000000018,True,False
Ford Koch,20,34.365,34.45,31.685,100.5,101.31353320242886,-0.4989999999999952,True,False
Ford Koch,21,34.365,34.419,31.989,100.773,101.32361793386093,0.27299999999999613,True,False
Ford Koch,22,34.486,34.933,32.325,101.744,101.71513548330624,0.9710000000000036,True,False
Ford Koch,23,34.458,34.369,31.727,100.554,101.31353320242886,-1.1899999999999977,True,False
Ford Koch,24,34.355,34.466,31.672,100.493,101.31353320242886,-0.06100000000000705,True,False
Ford Koch,25,34.351,34.43,31.963,100.744,101.32361793386093,0.2510000000000048,True,False
Devin Anderson,15,35.68,34.878,31.943,102.501,101.69929360778856,-25.348,True,False
Devin Anderson,16,34.442,34.405,31.763,100.61,101.31353320242886,-1.8910000000000053,True,False
Devin Anderson,17,34.337,34.597,31.49,100.424,101.33003920667936,-0.18599999999999284,True,False
Devin Anderson,18,34.264,34.199,31.527,99.99000000000001,101.31353320242886,-0.4339999999999975,False,False
Devin Anderson,19,34.257,34.405,31.637,100.299,101.31353320242886,0.3089999999999975,True,False
Devin Anderson,20,34.288,35.52,32.998,102.806,103.15901361907956,2.506999999999991,True,False
Devin Anderson,21,34.422,34.533,59.455,128.41,168.2344720733198,25.604,True,False
Jade Avedisian,17,62.126,36.359,33.048,131.533,135.55035124413823,30.10499999999999,True,False
Jade Avedisian,18,34.884,34.543,31.687,101.114,101.33365291754819,-30.418999999999983,True,False
Jade Avedisian,19,34.282,34.49,31.831,100.60300000000001,101.31353320242886,-0.5109999999999957,True,False
Jade Avedisian,20,34.259,34.381,31.624,100.26400000000001,101.31353320242886,-0.33899999999999864,True,False
Jade Avedisian,21,34.224,34.504,31.737,100.465,101.31353320242886,0.2009999999999934,True,False
Jade Avedisian,22,34.119,34.315,31.829,100.263,101.31353320242886,-0.20199999999999818,True,False
Jade Avedisian,23,34.24,34.319,31.817,100.376,101.31353320242886,0.11299999999999955,True,False
Jade Avedisian,24,34.377,34.282,31.866,100.525,101.31353320242886,0.1490000000000009,True,False
Alfonso Diaz,16,35.347,34.858,32.313,102.518,101.77164304455738,0.6820000000000022,True,False
Alfonso Diaz,17,35.019,35.747,32.625,103.39099999999999,103.22223094262068,0.8729999999999905,True,False
Alfonso Diaz,18,35.131,34.8,32.127,102.05799999999999,101.62285605011348,-1.3329999999999984,True,False
Alfonso Diaz,19,35.23,34.96,32.086,102.27600000000001,101.855577909353,0.21800000000001774,True,False
Alfonso Diaz,20,35.231,35.412,32.553,103.196,102.9870252124254,0.9199999999999875,True,False
Alfonso Diaz,21,35.092,34.978,32.214,102.28399999999999,101.99200380505073,-0.9120000000000061,True,False
Alfonso Diaz,22,35.01,35.095,32.112,102.217,102.1132832039267,-0.06699999999999307,True,False
Cody Jones,17,66.799,40.808,34.553,142.16,151.6221003238791,35.787000000000006,True,False
Cody Jones,18,37.312,37.326,33.115,107.753,108.3053786427511,-34.407,True,False
Cody Jones,19,36.099,36.358,34.049,106.506,106.08174458611063,-1.2469999999999999,True,False
Cody Jones,20,35.641,35.533,32.585,103.759,103.1435176825071,-2.747,True,False
Cody Jones,21,35.382,35.702,32.586,103.67,103.3513417226898,-0.08899999999999864,True,False
Cody Jones,22,35.223,35.242,32.224,102.689,102.46352966234292,-0.9810000000000088,True,False
Cody Jones,23,35.328,35.079,32.248,102.655,102.30918723720522,-0.033999999999991815,True,False
Cody Jones,24,35.254,35.494,32.875,103.62299999999999,103.15499124165262,0.9679999999999893,True,False
Cody Jones,25,35.06,35.287,32.523,102.87,102.61008953897962,-0.7529999999999859,True,False
Jackson Tovo,19,65.274,37.611,32.659,135.544,137.3635332974219,33.485000000000014,True,False
Jackson Tovo,20,35.371,35.258,31.996,102.625,102.44625016512222,-32.91900000000001,True,False
Jackson Tovo,21,34.68,34.831,32.032,101.543,101.54102321840907,-1.0819999999999936,True,False
Jackson Tovo,22,34.539,34.623,32.006,101.168,101.35876288516765,-0.375,True,False
Jackson Tovo,23,34.456,34.5,32.007,100.963,101.32361793386093,-0.2050000000000125,True,False
Jackson Tovo,24,34.557,34.677,34.267,103.501,103.53052983269288,2.538000000000011,True,False
Jackson Tovo,25,34.906,34.844,32.267,102.017,101.64066337296268,-1.4840000000000089,True,False
Jackson Tovo,26,34.611,34.882,32.256,101.749,101.6277038603697,-0.2680000000000007,True,False
Jackson Tovo,27,34.636,34.766,32.161,101.563,101.59481849470225,-0.18599999999999284,True,False
Luke Rumburg,17,62.846000000000004,37.673,32.871,133.39,135.63230953959274,31.517999999999986,True,False
Luke Rumburg,18,34.705,34.755,31.667,101.12700000000001,101.43564821650106,-32.26299999999998,True,False
Luke Rumburg,19,34.332,34.347,32.152,100.831,101.36738967779182,-0.2960000000000065,True,False
Luke Rumburg,20,34.787,34.55,31.727,101.064,101.33365291754819,0.23299999999998988,True,False
Luke Rumburg,21,34.419,34.682,32.044,101.14500000000001,101.38095753932956,0.08100000000001728,True,False
Luke Rumburg,22,34.488,34.38,32.401,101.269,101.4216287952375,0.12399999999999523,True,False
Luke Rumburg,23,34.357,34.545,31.896,100.798,101.3307781363873,-0.47100000000000364,True,False
Luke Rumburg,24,34.505,34.51,62.422,131.437,168.2344720733198,30.63900000000001,True,False
Maximilian Hewitt,16,34.289,34.679,31.867,100.83500000000001,101.36009727952177,-0.5289999999999964,True,False
Maximilian Hewitt,17,34.237,34.422,31.697,100.356,101.31353320242886,-0.4790000000000134,True,False
Maximilian Hewitt,18,34.259,34.303,31.968,100.53,101.32361793386093,0.1740000000000066,True,False
Maximilian Hewitt,19,34.13,34.443,31.924,100.497,101.32361793386093,-0.03300000000000125,True,False
Maximilian Hewitt,20,34.278,34.381,31.938,100.59700000000001,101.32361793386093,0.10000000000000853,True,False
Maximilian Hewitt,21,34.358,34.484,31.972,100.814,101.32361793386093,0.21699999999998454,True,False
Maximilian Hewitt,22,34.428,34.902,33.433,102.763,102.45340685537856,1.9490000000000123,True,False
Maximilian Hewitt,23,34.58,34.629,32.248,101.457,101.45677374654424,-1.3060000000000116,True,False
Jenson Sofronas,19,63.655,36.686,32.081,132.422,135.4669072858049,30.072000000000003,True,False
Jenson Sofronas,20,35.738,35.046,32.311,103.095,102.30918723720522,-29.326999999999998,True,False
Jenson Sofronas,21,34.298,34.488,31.709,100.495,101.31353320242886,-2.5999999999999943,True,False
Jenson Sofronas,22,34.411,34.625,31.749,100.785,101.34867815373558,0.28999999999999204,True,False
Jenson Sofronas,23,34.293,34.55,31.884,100.727,101.32069340495522,-0.057999999999992724,True,False
Jenson Sofronas,24,34.817,35.007,32.708,102.532,102.3230160013863,1.8049999999999926,True,False
Aidan Yoder,15,63.945,40.246,35.918,140.109,138.8665202645958,38.59700000000001,True,False
Aidan Yoder,16,34.889,35.204,31.837,101.93,102.27780435419201,-38.179,True,False
Aidan Yoder,17,34.49,34.255,31.756,100.501,101.31353320242886,-1.429000000000002,True,False
Aidan Yoder,18,34.363,34.27,31.573,100.206,101.31353320242886,-0.2950000000000017,True,False
Aidan Yoder,19,35.172,44.718,33.955,113.845,109.08549243513146,13.638999999999996,True,False
Aidan Yoder,20,34.346,34.325,31.988,100.65899999999999,101.32361793386093,-13.186000000000007,True,False
Aidan Yoder,21,34.478,34.747,32.407,101.632,101.54374380930973,0.9730000000000132,True,False
Lucas Weisenberg,17,63.03,36.434,32.593,132.057,135.4669072858049,30.529999999999987,True,False
Lucas Weisenberg,18,34.351,34.564,31.692,100.607,101.32069340495522,-31.44999999999999,True,False
Lucas Weisenberg,19,34.247,34.183,31.804,100.23400000000001,101.31353320242886,-0.37299999999999045,True,False
Lucas Weisenberg,20,34.207,34.243,31.633,100.083,101.31353320242886,-0.15100000000001046,True,False
Lucas Weisenberg,21,34.182,34.119,31.637,99.938,101.31353320242886,-0.14499999999999602,False,False
Lucas Weisenberg,22,34.163,34.347,31.653,100.163,101.31353320242886,0.22499999999999432,True,False
Lucas Weisenberg,23,34.104,34.129,31.759,99.99199999999999,101.31353320242886,-0.17100000000000648,False,False
Lucas Weisenberg,24,34.135,34.017,31.476,99.628,101.31353320242886,-0.3639999999999901,False,False
Lucas Weisenberg,25,34.041,34.042,31.714,99.797,101.31353320242886,0.16899999999999693,False,False
Ayden Kirk,18,34.926,34.651,31.836,101.413,101.37305679211472,-0.855000000000004,True,False
Ayden Kirk,19,34.568,34.394,31.781,100.743,101.31353320242886,-0.6700000000000017,True,False
Ayden Kirk,20,34.39,34.285,31.794,100.469,101.31353320242886,-0.2740000000000009,True,False
Ayden Kirk,21,34.266,34.663,31.875,100.804,101.36009727952177,0.33500000000000796,True,False
Ayden Kirk,22,34.545,34.745,31.962,101.25200000000001,101.44573294793314,0.4480000000000075,True,False
Ayden Kirk,23,34.479,34.948,32.738,102.16499999999999,101.99903040055695,0.9129999999999825,True,False
Ayden Kirk,24,34.321,34.482,32.737,101.53999999999999,101.70254223952958,-0.625,True,False
Ayden Kirk,25,34.863,34.581,32.226,101.67,101.45109431208098,0.13000000000000966,True,False
Casey Mashore,18,64.102,39.411,35.822,139.335,138.31724355584382,37.159000000000006,True,False
Casey Mashore,19,34.762,34.6,31.853,101.215,101.33003920667936,-38.120000000000005,True,False
Casey Mashore,20,34.614,34.701,31.781,101.096,101.39540976198064,-0.11899999999999977,True,False
Casey Mashore,21,34.446,34.453,31.547,100.446,101.31353320242886,-0.6500000000000057,True,False
Casey Mashore,22,34.506,35.107,32.544,102.157,102.37664798832253,1.7109999999999985,True,False
Axel Cabrera,13,34.872,34.864,31.951,101.687,101.55398273100204,-30.738000000000014,True,False
Axel Cabrera,14,34.491,34.41,31.769,100.67,101.31353320242886,-1.016999999999996,True,False
Axel Cabrera,15,34.467,34.594,32.009,101.07,101.34012393811143,0.3999999999999915,True,False
Axel Cabrera,16,34.649,34.681,32.039,101.369,101.38095753932956,0.2990000000000066,True,False
Axel Cabrera,17,34.965,34.261,31.688,100.914,101.32649271502183,-0.4549999999999983,True,False
Axel Cabrera,18,34.44,34.34,32.009,100.789,101.32361793386093,-0.125,True,False
Axel Cabrera,19,34.527,34.438,32.851,101.816,101.70254223952958,1.027000000000001,True,False
Axel Cabrera,20,34.387,34.444,31.915,100.74600000000001,101.32361793386093,-1.0699999999999932,True,False
Spike Kohlbecker,15,34.908,34.733,31.78,101.42099999999999,101.4240485437894,0.6610000000000014,True,False
Spike Kohlbecker,16,34.395,34.49,31.624,100.509,101.31353320242886,-0.9119999999999919,True,False
Spike Kohlbecker,17,34.383,34.444,31.585,100.412,101.31353320242886,-0.0969999999999942,True,False
Spike Kohlbecker,18,34.216,34.349,31.715,100.28,101.31353320242886,-0.132000000000005,True,False
Spike Kohlbecker,19,34.266,34.549,31.581,100.396,101.32069340495522,0.11599999999999966,True,False
Spike Kohlbecker,20,34.27,34.416,31.568,100.25399999999999,101.31353320242886,-0.14200000000001012,True,False
Spike Kohlbecker,21,34.315,34.294,31.851,100.46000000000001,101.31353320242886,0.20600000000001728,True,False
Spike Kohlbecker,22,34.378,34.411,31.662,100.451,101.31353320242886,-0.009000000000014552,True,False
Mia Lovell,17,34.579,34.569,31.671,100.819,101.32069340495522,-0.5669999999999931,True,False
Mia Lovell,18,34.393,34.31,31.684,100.387,101.31353320242886,-0.43200000000000216,True,False
Mia Lovell,19,34.407,34.389,31.717,100.513,101.31353320242886,0.12600000000000477,True,False
Mia Lovell,20,34.153,34.343,31.513,100.009,101.31353320242886,-0.5040000000000049,True,False
Mia Lovell,21,34.382,34.4,31.904,100.686,101.32361793386093,0.6770000000000067,True,False
Mia Lovell,22,34.315,34.436,31.768,100.519,101.31353320242886,-0.1670000000000016,True,False
Mia Lovell,23,34.852,34.766,36.193,105.811,114.78232899698018,5.292000000000002,True,False
Mia Lovell,24,34.551,34.851,32.003,101.405,101.54102321840907,-4.406000000000006,True,False
James Klimas,1,68.264,40.883,34.878,144.025,184.67597271228863,,True,False
James Klimas,2,36.248,35.968,32.745,104.961,104.67718614259158,-39.06400000000001,True,False
James Klimas,3,35.352,35.519,32.327,103.19800000000001,102.88470008845299,-1.762999999999991,True,False
James Klimas,4,35.581,35.267,32.177,103.025,102.48780790174196,-0.17300000000000182,True,False
James Klimas,5,35.201,35.172,32.301,102.674,102.46352966234292,-0.3509999999999991,True,False
James Klimas,6,35.302,35.437,32.53,103.269,103.09634224101507,0.5949999999999989,True,False
James Klimas,7,35.223,35.143,32.21,102.576,102.42707925239634,-0.693000000000012,True,False
James Klimas,8,35.364,36.16,33.157,104.681,104.40582693464826,2.105000000000004,True,False
James Klimas,9,35.076,34.96,32.098,102.134,101.79605181698709,-2.546999999999997,True,False
Steven Clemons,15,36.455,48.125,44.908,129.488,125.86068321645008,26.519000000000005,True,False
Steven Clemons,16,60.823,63.572,35.731,160.126,136.2262959560124,30.638000000000005,True,False
Steven Clemons,17,34.8,34.598,31.987,101.38499999999999,101.3530834507044,-58.741000000000014,True,False
Steven Clemons,18,34.667,34.449,31.998,101.114,101.32361793386093,-0.2709999999999866,True,False
Steven Clemons,19,34.34,34.448,31.773,100.561,101.31353320242886,-0.5529999999999973,True,False
Steven Clemons,20,34.422,34.652,33.719,102.793,102.55628061370479,2.2319999999999993,True,False
Steven Clemons,21,34.775,34.361,31.955,101.09100000000001,101.3365774464539,-1.7019999999999982,True,False
Andrew Gilleland,18,67.367,44.5,34.892,146.75900000000001,172.78922537094303,40.44900000000001,True,False
Andrew Gilleland,19,35.538,35.372,32.286,103.196,102.73173093118982,-43.56300000000002,True,False
Andrew Gilleland,20,35.077,35.144,42.399,112.62,123.12344433475464,9.424000000000007,True,False
Andrew Gilleland,21,35.948,34.731,31.987,102.666,101.64869341126723,-9.954000000000008,True,False
Andrew Gilleland,22,35.073,35.15,32.147,102.37,102.30775785902526,-0.29599999999999227,True,False
Andrew Gilleland,23,34.739,34.894,35.148,104.781,109.69742105817691,2.4110000000000014,True,False
Andrew Gilleland,24,35.205,34.95,32.428,102.583,101.87322132266613,-2.1980000000000075,True,False
Andrew Gilleland,25,34.772,35.029,32.802,102.60300000000001,102.3742357209776,0.020000000000010232,True,False
Henry Drury,18,64.545,39.856,35.645,140.046,138.95039293086054,38.56999999999999,True,False
Henry Drury,19,34.415,34.913,32.418,101.74600000000001,101.71513548330624,-38.29999999999998,True,False
Henry Drury,20,34.448,34.333,31.887,100.668,101.31353320242886,-1.078000000000003,True,False
Henry Drury,21,34.414,34.343,31.936,100.693,101.32361793386093,0.024999999999991473,True,False
Henry Drury,22,34.879,42.176,34.78,111.83500000000001,113.11893860225116,11.14200000000001,True,False
Henry Drury,23,34.502,34.546,31.869,100.917,101.32069340495522,-10.918000000000006,True,False
Henry Drury,24,34.508,34.407,31.985,100.9,101.32361793386093,-0.016999999999995907,True,False
Livio Galanti,18,65.209,40.288,33.572,139.069,139.51788629077666,36.89099999999999,True,False
Livio Galanti,19,34.799,34.978,32.544,102.321,102.16721416301631,-36.74799999999999,True,False
Livio Galanti,20,34.766,34.662,32.196,101.624,101.4681928723304,-0.6970000000000027,True,False
Livio Galanti,21,34.782,34.625,32.227,101.634,101.46973325913721,0.010000000000005116,True,False
Livio Galanti,22,34.558,34.452,32.375,101.38499999999999,101.4216287952375,-0.24900000000000944,True,False
Livio Galanti,23,34.442,34.448,31.879,100.769,101.31353320242886,-0.6159999999999854,True,False
Livio Galanti,24,34.458,34.717,32.426,101.601,101.52985661103432,0.8319999999999936,True,False
Livio Galanti,25,34.519,34.463,32.345,101.327,101.4216287952375,-0.2740000000000009,True,False
Livio Galanti,26,34.43,34.679,32.136,101.245,101.41395375488472,-0.08199999999999363,True,False
Keanu Reeves,17,66.779,44.646,34.97,146.395,151.92816850315543,31.96900000000001,True,False
Keanu Reeves,18,36.76,37.698,33.34,107.798,107.02707869889035,-38.59700000000001,True,False
Keanu Reeves,19,37.505,37.942,34.024,109.471,108.94608969138717,1.6730000000000018,True,False
Keanu Reeves,20,35.817,36.076,33.352,105.245,104.42412474055662,-4.225999999999999,True,False
Keanu Reeves,21,36.037,35.864,33.002,104.90299999999999,104.2481572156538,-0.34200000000001296,True,False
Keanu Reeves,22,35.581,36.346,32.966,104.893,104.99583345327942,-0.009999999999990905,True,False
Keanu Reeves,23,36.548,35.939,32.71,105.197,104.86272801621007,0.30400000000000205,True,False
Keanu Reeves,24,35.706,35.764,32.647,104.11699999999999,103.38979862063754,-1.0800000000000125,True,False
Jaxon Bell,17,34.561,34.501,31.525,100.587,101.31353320242886,-0.053999999999987836,True,False
Jaxon Bell,18,34.481,34.256,31.536,100.273,101.31353320242886,-0.31400000000000716,True,False
Jaxon Bell,19,34.249,34.395,31.583,100.227,101.31353320242886,-0.04599999999999227,True,False
Jaxon Bell,20,34.319,34.452,32.51,101.281,101.63028947484094,1.054000000000002,True,False
Jaxon Bell,21,34.381,35.869,34.303,104.553,105.86286789191577,3.2719999999999914,True,False
Jaxon Bell,22,34.192,34.317,31.607,100.116,101.31353320242886,-4.436999999999998,True,False
Jaxon Bell,23,34.15,34.489,31.778,100.417,101.31353320242886,0.30100000000000193,True,False
Jaxon Bell,24,34.45,36.116,62.041,132.607,168.5050154867814,32.19,True,False
